id,name,latitude,longitude
1,Location B,-70.365,105.7169
2,Location C,-0.1837,156.6115
3,Location D,-2.5848,-44.4018
4,Location E,-18.795,-12.8973
5,Location F,58.0992,
6,Location G,-66.5149,100.281
7,Location H,23.4069,-51.0502
8,Location I,,83.2928
9,Location J,8.3722,-163.62
10,Location K,40.3466,16.2546
11,Location L,,102.9499
12,Location M,4.8304,54.3275
13,Location N,,-165.2571
14,Location O,27.6944,-56.9082
15,Location P,69.1934,6.6871
16,Location Q,35.2186,-103.9652
17,Location R,6.2437,-134.9705
18,Location S,-32.0695,-19.7734
19,Location T,70.8074,66.5534
20,Location U,-49.1117,97.364
21,Location V,,-107.0186
22,Location W,-70.2054,4.6848
23,Location X,41.8764,
24,Location Y,40.2266,-109.9132
25,Location Z,6.6462,173.1384
26,Location A,70.343,126.5116
27,Location B,-21.5628,-12.2923
28,Location C,19.7756,140.2675
29,Location D,-58.9066,152.0631
30,Location E,39.4137,75.5335
31,Location F,-39.8348,-77.7469
32,Location G,40.3006,179.3948
33,Location H,4.62,44.9259
34,Location I,-7.203,25.0203
35,Location J,-30.2398,31.4687
36,Location K,66.056,-2.828
37,Location L,48.186,
38,Location M,71.5477,-80.2537
39,Location N,-43.3796,93.3021
40,Location O,-0.9086,36.9062
41,Location P,-64.5427,
42,Location Q,4.2224,18.051
43,Location R,73.0338,11.8127
44,Location S,3.3587,-118.7666
45,Location T,-46.2285,140.8068
46,Location U,-59.6354,-4.1169
47,Location V,41.5147,30.8373
48,Location W,22.1351,172.2099
49,Location X,-80.2727,
50,Location Y,80.6472,-131.7444
51,Location Z,62.0833,-67.6827
52,Location A,9.1,128.6026
53,Location B,72.908,40.9473
54,Location C,84.7215,-28.3186
55,Location D,-0.5324,86.3474
56,Location E,-74.4713,-27.7518
57,Location F,84.7657,-43.1842
58,Location G,-43.1785,-118.3043
59,Location H,73.5184,-135.5926
60,Location I,30.2012,162.4039
61,Location J,62.0088,-112.0909
62,Location K,17.126,
63,Location L,-18.9352,-66.477
64,Location M,-0.1061,-42.4447
65,Location N,5.9813,14.9958
66,Location O,-42.7267,-129.8324
67,Location P,-20.426,-3.7791
68,Location Q,32.0887,-155.4905
69,Location R,-88.5674,77.1865
70,Location S,-3.5035,165.4337
71,Location T,-31.3997,-165.1229
72,Location U,-15.1373,51.5277
73,Location V,59.9601,96.1769
74,Location W,-28.3344,70.9177
75,Location X,-84.6367,-156.5859
76,Location Y,-12.056,-115.1954
77,Location Z,52.5019,149.2977
78,Location A,48.4052,-56.1575
79,Location B,35.0204,-4.861
80,Location C,-1.9811,-16.146
81,Location D,-53.5978,107.5184
82,Location E,-44.576,-170.575
83,Location F,-54.2023,-156.1586
84,Location G,-3.5568,-54.2201
85,Location H,76.3547,-155.9834
86,Location I,-53.3593,171.4053
87,Location J,-82.8103,-165.6386
88,Location K,-4.527,93.4092
89,Location L,17.8487,-16.8013
90,Location M,-40.9784,120.0953
91,Location N,-89.5065,-15.9755
92,Location O,64.8729,62.3937
93,Location P,-69.1138,-93.4894
94,Location Q,-67.7044,104.1781
95,Location R,-74.7301,92.7265
96,Location S,59.9997,117.7416
97,Location T,-51.0515,0.952
98,Location U,,
99,Location V,84.537,-4.6834
100,Location W,39.7307,-22.2191
101,Location X,-42.7373,25.3468
102,Location Y,-69.0048,
103,Location Z,14.0118,24.2096
104,Location A,-86.5676,76.8715
105,Location B,-81.2459,-39.7965
106,Location C,-3.1982,-155.8931
107,Location D,74.3144,26.2137
108,Location E,-35.6776,98.1546
109,Location F,-22.4889,-101.2317
110,Location G,-13.6197,75.6463
111,Location H,27.1443,-13.4507
112,Location I,-4.4061,-30.8048
113,Location J,8.1214,-92.5424
114,Location K,-16.7265,-146.1111
115,Location L,-61.2909,-22.7773
116,Location M,-55.3882,
117,Location N,-35.9712,-121.2792
118,Location O,-17.8046,-130.8958
119,Location P,-74.9946,
120,Location Q,61.0518,-40.0027
121,Location R,19.3368,-96.2432
122,Location S,26.9338,-117.7627
123,Location T,86.5445,-109.033
124,Location U,-23.0438,108.1494
125,Location V,34.6769,-91.0224
126,Location W,27.7297,-121.7295
127,Location X,-84.1735,
128,Location Y,40.2255,-176.7854
129,Location Z,74.4206,19.1368
130,Location A,,-70.9662
131,Location B,1.5606,-101.4334
132,Location C,13.8942,52.0761
133,Location D,-20.937,36.3891
134,Location E,58.0935,-114.3346
135,Location F,26.419,-29.7343
136,Location G,-56.5586,-70.3408
137,Location H,64.351,-136.4229
138,Location I,-66.5474,-19.5079
139,Location J,29.4135,61.8045
140,Location K,,-49.0424
141,Location L,87.3637,-61.0386
142,Location M,-12.4337,-44.8197
143,Location N,74.1293,-174.6288
144,Location O,87.3818,-117.7744
145,Location P,16.7161,151.1333
146,Location Q,-10.8728,-24.7032
147,Location R,-16.0504,99.1697
148,Location S,-21.8443,176.9649
149,Location T,86.5035,
150,Location U,-62.0493,178.441
151,Location V,18.4052,-121.8689
152,Location W,84.5499,-167.2049
153,Location X,51.2825,34.7268
154,Location Y,-11.6476,-172.6556
155,Location Z,-88.374,84.1969
156,Location A,-49.6099,11.069
157,Location B,-77.0843,64.8559
158,Location C,-5.3517,30.2615
159,Location D,-75.8918,129.182
160,Location E,,153.6162
161,Location F,68.3639,-123.0593
162,Location G,-34.8062,-120.9344
163,Location H,54.3913,-114.1112
164,Location I,-74.6636,101.0097
165,Location J,65.9188,-1.6475
166,Location K,-42.6118,-178.7005
167,Location L,-59.8768,13.3962
168,Location M,-79.8742,-52.7059
169,Location N,39.9896,-30.8067
170,Location O,18.3058,-85.1642
171,Location P,-20.6108,-16.2472
172,Location Q,-70.6941,-13.959
173,Location R,24.3965,38.5456
174,Location S,-39.4879,145.8719
175,Location T,-79.9419,177.8208
176,Location U,-47.8732,-137.8282
177,Location V,65.9277,144.9651
178,Location W,15.0404,
179,Location X,25.233,-173.9646
180,Location Y,-11.6598,-80.3543
181,Location Z,57.074,105.0223
182,Location A,-44.0974,35.2559
183,Location B,67.3977,-42.6697
184,Location C,1.6599,-13.0731
185,Location D,3.1637,-92.785
186,Location E,46.9558,-74.2951
187,Location F,,54.6856
188,Location G,-2.9239,124.7207
189,Location H,-49.7416,-91.6474
190,Location I,27.6481,45.1883
191,Location J,33.4898,65.503
192,Location K,69.1603,-170.6845
193,Location L,17.8424,179.788
194,Location M,,172.2543
195,Location N,-3.1444,64.8686
196,Location O,16.0705,-1.5634
197,Location P,-30.9885,-151.6552
198,Location Q,-1.6553,-174.4044
199,Location R,53.1759,-110.0885
200,Location S,-62.9723,-143.5319
201,Location T,-58.3232,136.1728
202,Location U,-9.9685,-78.5633
203,Location V,-0.2187,120.7783
204,Location W,50.1751,-38.7715
205,Location X,-48.1039,-47.559
206,Location Y,18.6613,116.6898
207,Location Z,-24.1404,
208,Location A,6.0073,154.471
209,Location B,9.7048,-109.7652
210,Location C,,-73.0783
211,Location D,-43.2686,47.6337
212,Location E,-66.9389,127.3997
213,Location F,,172.5335
214,Location G,82.081,140.0209
215,Location H,-18.0927,-119.9012
216,Location I,39.4478,-120.26
217,Location J,-83.9098,-73.9153
218,Location K,,-141.7085
219,Location L,23.6118,20.7257
220,Location M,-76.0082,169.2134
221,Location N,77.0579,166.0682
222,Location O,32.5095,141.5216
223,Location P,4.3276,140.0416
224,Location Q,-49.0297,
225,Location R,-57.5883,-149.7329
226,Location S,20.7663,103.0516
227,Location T,87.7525,176.7315
228,Location U,20.4905,-91.1426
229,Location V,-72.8228,-9.4541
230,Location W,47.7291,-135.5108
231,Location X,8.2794,95.7143
232,Location Y,57.7479,-58.4834
233,Location Z,-85.2283,-67.7326
234,Location A,-2.4318,65.9366
235,Location B,-12.9241,-150.63
236,Location C,-44.1842,-96.3718
237,Location D,17.5539,
238,Location E,20.1657,36.0811
239,Location F,12.673,147.6057
240,Location G,-23.4731,128.429
241,Location H,-53.7416,45.808
242,Location I,-71.9895,57.4672
243,Location J,51.3909,167.2227
244,Location K,-82.5371,-67.3198
245,Location L,-5.4462,21.0456
246,Location M,5.5487,
247,Location N,-86.3412,-132.3963
248,Location O,-34.8599,-106.5331
249,Location P,-57.7653,38.1029
250,Location Q,-70.452,163.7146
251,Location R,-75.4334,125.0377
252,Location S,12.7101,-113.4013
253,Location T,-56.3745,34.034
254,Location U,-58.5826,-6.1477
255,Location V,46.7159,-165.1906
256,Location W,86.4639,-66.1749
257,Location X,,100.4567
258,Location Y,-12.6659,60.915
259,Location Z,-53.8946,164.2923
260,Location A,15.5721,-20.2267
261,Location B,37.8539,-124.6953
262,Location C,-4.6427,-125.789
263,Location D,55.3893,159.2161
264,Location E,-9.9998,124.2536
265,Location F,-53.1186,
266,Location G,83.8521,-126.4175
267,Location H,-54.7524,77.3669
268,Location I,-82.8116,168.8442
269,Location J,-4.9758,-126.7002
270,Location K,-11.8665,33.6906
271,Location L,-21.2849,148.7363
272,Location M,-83.7066,153.4648
273,Location N,-58.1035,53.9389
274,Location O,22.5574,-79.7091
275,Location P,21.9323,-22.1287
276,Location Q,-3.4522,148.771
277,Location R,-89.7301,-69.2113
278,Location S,20.162,118.4
279,Location T,88.2526,-40.3361
280,Location U,39.9651,-10.0115
281,Location V,-59.3674,91.0918
282,Location W,15.058,5.6597
283,Location X,-15.1149,84.4126
284,Location Y,,102.5359
285,Location Z,-16.98,129.2069
286,Location A,55.0783,101.1924
287,Location B,71.7698,-113.5511
288,Location C,64.6061,-57.4853
289,Location D,-80.631,55.462
290,Location E,31.9276,92.3167
291,Location F,-52.1066,31.5227
292,Location G,-17.2298,40.8786
293,Location H,-75.2692,62.8118
294,Location I,-5.1899,24.5984
295,Location J,71.3766,-163.1276
296,Location K,32.4447,81.6569
297,Location L,51.1141,-98.0566
298,Location M,62.4517,
299,Location N,87.7051,-143.6328
300,Location O,-22.6335,-43.8373
301,Location P,59.749,-68.0004
302,Location Q,-23.7493,40.813
303,Location R,-20.1769,169.6389
304,Location S,8.3302,15.3422
305,Location T,,160.7502
306,Location U,47.7626,-37.0595
307,Location V,-21.8097,-3.0417
308,Location W,32.343,80.066
309,Location X,68.2437,103.8019
310,Location Y,-68.541,1.3101
311,Location Z,-31.6876,-106.9242
312,Location A,-25.7257,-81.218
313,Location B,48.2511,61.1703
314,Location C,-17.0454,45.8647
315,Location D,84.9577,-126.3556
316,Location E,4.179,-122.7184
317,Location F,51.0351,107.0728
318,Location G,-54.1979,-80.2453
319,Location H,-36.5409,-29.6737
320,Location I,,-98.7687
321,Location J,41.11,138.2235
322,Location K,26.96,-5.9232
323,Location L,39.4118,84.9691
324,Location M,68.7483,-21.427
325,Location N,,-134.6729
326,Location O,-64.7753,120.8032
327,Location P,0.3948,-140.4818
328,Location Q,-87.9429,-98.885
329,Location R,30.1203,59.9012
330,Location S,39.1995,-37.3384
331,Location T,-15.9595,-172.0199
332,Location U,11.3061,143.4443
333,Location V,-31.1188,43.7074
334,Location W,24.5402,-94.7937
335,Location X,60.3991,-127.0286
336,Location Y,,0.1824
337,Location Z,6.0135,142.3816
338,Location A,2.2366,-154.7716
339,Location B,16.9922,-86.383
340,Location C,-66.3798,-121.2684
341,Location D,59.9324,82.3604
342,Location E,39.8345,-177.0447
343,Location F,38.1131,101.921
344,Location G,39.21,80.3224
345,Location H,-62.2499,-151.3325
346,Location I,5.0744,94.7328
347,Location J,44.9313,172.2014
348,Location K,60.0874,-121.4269
349,Location L,4.6689,3.5977
350,Location M,,-32.2031
351,Location N,20.2797,169.3646
352,Location O,34.2873,-48.2565
353,Location P,28.973,96.3643
354,Location Q,37.851,-6.4012
355,Location R,-75.4424,-167.8626
356,Location S,70.5514,-156.8889
357,Location T,52.793,-141.8493
358,Location U,-59.1766,101.062
359,Location V,51.7762,50.2338
360,Location W,54.5602,-52.2522
361,Location X,-2.4505,-74.5192
362,Location Y,71.258,-89.9501
363,Location Z,-36.7555,-36.1704
364,Location A,34.2762,159.1004
365,Location B,51.2203,-89.1511
366,Location C,-24.6128,-36.0128
367,Location D,-72.9952,167.7186
368,Location E,-31.4991,-140.9886
369,Location F,84.5955,37.2052
370,Location G,27.6128,-9.1602
371,Location H,-57.7767,-164.0766
372,Location I,-6.8854,92.2885
373,Location J,77.1427,42.4549
374,Location K,34.5884,-43.1945
375,Location L,-83.107,14.5116
376,Location M,-62.0778,42.4352
377,Location N,-42.1443,140.0758
378,Location O,2.0207,-178.1673
379,Location P,-22.7479,-144.1791
380,Location Q,3.202,-96.7739
381,Location R,-29.8568,3.8952
382,Location S,-77.2128,-131.5705
383,Location T,-14.0418,-0.0012
384,Location U,-76.53,-161.4747
385,Location V,70.6535,-120.8615
386,Location W,88.647,169.7034
387,Location X,86.1011,-154.7778
388,Location Y,-78.8973,50.9027
389,Location Z,26.2265,112.9533
390,Location A,53.1591,-135.8762
391,Location B,66.3977,96.9772
392,Location C,,-176.9429
393,Location D,-52.7081,-176.5236
394,Location E,-64.4004,-171.3067
395,Location F,-37.4087,103.9136
396,Location G,,162.5245
397,Location H,-77.8288,-17.2618
398,Location I,,-109.7166
399,Location J,,-5.7344
400,Location K,-20.7994,-63.5836
401,Location L,30.6041,-132.7527
402,Location M,66.7598,133.515
403,Location N,-30.5519,
404,Location O,,-66.4168
405,Location P,79.7694,175.5613
406,Location Q,-17.9788,20.0925
407,Location R,41.9135,-111.7383
408,Location S,22.5521,-57.828
409,Location T,61.663,-153.6123
410,Location U,-71.4809,-179.8731
411,Location V,-12.0012,-46.3432
412,Location W,,3.8598
413,Location X,3.844,-43.035
414,Location Y,-48.6055,42.6888
415,Location Z,-53.3292,-58.4235
416,Location A,-27.031,34.0281
417,Location B,67.0892,58.1144
418,Location C,63.7904,-49.6717
419,Location D,-72.4212,-79.331
420,Location E,-38.8572,14.7531
421,Location F,-78.1357,90.619
422,Location G,-29.2071,-173.1455
423,Location H,-36.2861,-124.116
424,Location I,72.2221,-175.515
425,Location J,-89.5268,-132.9791
426,Location K,,-57.7387
427,Location L,-87.615,29.4246
428,Location M,25.5844,-1.7685
429,Location N,21.2419,-126.806
430,Location O,-34.6047,66.6518
431,Location P,49.5683,-100.5381
432,Location Q,51.0589,-77.8847
433,Location R,32.5418,136.0102
434,Location S,5.9444,141.264
435,Location T,-74.5906,117.4446
436,Location U,-25.2607,-109.0047
437,Location V,-66.6692,57.5633
438,Location W,-15.7217,3.9031
439,Location X,-6.8337,-46.1419
440,Location Y,21.5778,15.414
441,Location Z,-38.7211,-15.6256
442,Location A,-25.7648,-146.7341
443,Location B,73.9976,-165.243
444,Location C,-7.1131,-47.6033
445,Location D,65.1329,
446,Location E,41.6515,-33.3207
447,Location F,-6.3045,
448,Location G,-35.9312,-77.0467
449,Location H,77.1645,7.9317
450,Location I,31.4392,-70.608
451,Location J,7.5807,2.5584
452,Location K,69.1935,-5.3489
453,Location L,-54.2829,12.3976
454,Location M,-36.7888,67.4657
455,Location N,-39.0223,16.3939
456,Location O,-47.5,-56.2927
457,Location P,-7.8581,164.2315
458,Location Q,73.6324,-23.0376
459,Location R,45.9173,63.0519
460,Location S,81.2158,-56.9766
461,Location T,-41.689,
462,Location U,24.0838,173.7691
463,Location V,-51.8192,-117.8073
464,Location W,-82.4392,56.8069
465,Location X,32.0102,12.0863
466,Location Y,11.8969,-144.3069
467,Location Z,-10.9502,-17.6147
468,Location A,-17.2481,159.3087
469,Location B,-2.1725,14.1119
470,Location C,-15.432,-111.6991
471,Location D,-56.7087,30.811
472,Location E,,75.8716
473,Location F,-59.0873,-127.5597
474,Location G,-63.7475,144.3164
475,Location H,0.7873,-43.9836
476,Location I,,
477,Location J,64.2369,121.4361
478,Location K,-75.1427,-143.8133
479,Location L,30.0238,81.5521
480,Location M,-38.661,5.9868
481,Location N,,-22.0458
482,Location O,-88.9228,127.0896
483,Location P,-41.0899,-5.2447
484,Location Q,-49.7664,167.2838
485,Location R,-18.6602,-13.3759
486,Location S,83.6547,-33.8944
487,Location T,61.4544,-24.2753
488,Location U,12.6504,110.1299
489,Location V,,47.2416
490,Location W,-54.7252,-115.2801
491,Location X,21.2736,94.304
492,Location Y,65.7487,135.4909
493,Location Z,11.6968,161.1072
494,Location A,59.4206,-19.955
495,Location B,-84.9902,-126.0933
496,Location C,-40.0989,135.4235
497,Location D,23.2296,148.4107
498,Location E,41.6919,-30.0253
499,Location F,41.8409,127.3261
500,Location G,50.9018,109.9645
501,Location H,21.3102,130.9653
502,Location I,-87.1671,-6.3162
503,Location J,-24.4171,90.3529
504,Location K,-50.8844,-3.1139
505,Location L,51.4103,-121.8442
506,Location M,84.5623,-79.438
507,Location N,-42.5862,-73.6648
508,Location O,-47.0649,-84.3527
509,Location P,-62.5705,-84.044
510,Location Q,-44.712,68.5465
511,Location R,64.6313,-133.988
512,Location S,-32.5578,-118.5993
513,Location T,11.209,-150.5339
514,Location U,59.9843,129.804
515,Location V,-27.6341,138.1594
516,Location W,-83.8706,-106.3354
517,Location X,-5.9587,47.5608
518,Location Y,56.7119,103.6925
519,Location Z,49.9879,-142.5621
520,Location A,49.0965,129.8931
521,Location B,70.6419,67.8782
522,Location C,-58.257,-161.3673
523,Location D,-67.7617,-70.0712
524,Location E,-86.6154,148.5447
525,Location F,48.1423,-138.4197
526,Location G,4.8588,-150.6957
527,Location H,62.7961,149.5931
528,Location I,-13.3891,16.6608
529,Location J,-5.2196,138.7949
530,Location K,7.8139,76.9531
531,Location L,-10.4495,-153.2571
532,Location M,-43.5249,72.0367
533,Location N,-38.7177,47.2504
534,Location O,-29.6524,
535,Location P,-47.7176,-65.728
536,Location Q,16.8933,-177.6302
537,Location R,-75.3845,
538,Location S,-4.7318,-66.7383
539,Location T,-38.59,
540,Location U,83.5167,-43.0367
541,Location V,,49.5151
542,Location W,78.6589,
543,Location X,-45.0362,
544,Location Y,81.6479,-106.2538
545,Location Z,57.4748,-18.5532
546,Location A,89.871,-101.9859
547,Location B,65.9588,-80.3419
548,Location C,0.9338,42.7742
549,Location D,47.6865,
550,Location E,-87.4063,-17.8437
551,Location F,-26.5017,0.3656
552,Location G,25.537,132.0078
553,Location H,88.3772,158.1718
554,Location I,-28.0941,
555,Location J,37.6169,58.4682
556,Location K,-14.5848,-132.944
557,Location L,57.8492,-106.1557
558,Location M,76.9732,-73.1088
559,Location N,14.8435,
560,Location O,6.7858,61.498
561,Location P,47.4335,-144.9695
562,Location Q,-70.853,16.7317
563,Location R,21.2519,-58.7754
564,Location S,-64.7602,-75.5953
565,Location T,38.2047,
566,Location U,-57.0649,-132.2251
567,Location V,2.9857,172.6795
568,Location W,34.9616,111.547
569,Location X,40.1533,
570,Location Y,-83.4711,0.1262
571,Location Z,38.8201,165.8505
572,Location A,80.2449,-64.6713
573,Location B,-55.6903,-164.3991
574,Location C,9.678,-102.6314
575,Location D,54.7898,-117.9452
576,Location E,-48.6006,57.3352
577,Location F,-15.2175,-141.8924
578,Location G,27.4298,133.4275
579,Location H,-13.2523,152.8279
580,Location I,21.7034,56.1212
581,Location J,32.532,68.1895
582,Location K,-74.7205,-67.2128
583,Location L,83.9349,-172.0822
584,Location M,15.0782,37.4153
585,Location N,6.2347,52.9888
586,Location O,67.4227,156.4936
587,Location P,35.2022,-6.5357
588,Location Q,-61.2785,125.9232
589,Location R,12.4201,-99.9212
590,Location S,-50.8587,-176.1025
591,Location T,40.0888,156.3517
592,Location U,-66.6125,170.0577
593,Location V,-36.2036,-62.2215
594,Location W,,143.1884
595,Location X,-32.7392,-30.4662
596,Location Y,,
597,Location Z,-30.6402,-124.4595
598,Location A,-0.6598,37.444
599,Location B,37.2651,12.9577
600,Location C,24.6349,70.8603
601,Location D,18.0924,-22.0938
602,Location E,36.4361,1.8698
603,Location F,27.4735,87.4548
604,Location G,13.1472,23.215
605,Location H,69.3082,47.2397
606,Location I,-72.0378,-168.0593
607,Location J,-19.3157,154.9605
608,Location K,40.5858,-30.4371
609,Location L,47.3465,-23.7357
610,Location M,68.3428,128.6347
611,Location N,-29.1712,-37.2794
612,Location O,-29.5281,98.9362
613,Location P,15.3791,-94.0605
614,Location Q,-83.5578,148.6
615,Location R,-52.0556,55.0721
616,Location S,-77.5337,31.8651
617,Location T,44.294,-102.4208
618,Location U,44.8959,-93.3225
619,Location V,-86.8906,61.151
620,Location W,-70.9669,44.8509
621,Location X,-30.7157,-127.4335
622,Location Y,18.1872,-105.1571
623,Location Z,57.1613,-82.9463
624,Location A,-89.0247,-59.6401
625,Location B,-37.8567,-178.38
626,Location C,-34.8885,79.0448
627,Location D,-31.5266,-158.8123
628,Location E,57.253,146.1587
629,Location F,40.51,19.5818
630,Location G,26.8071,-115.4536
631,Location H,-81.4351,-4.5882
632,Location I,31.3594,15.8433
633,Location J,89.0771,109.0974
634,Location K,45.362,26.5299
635,Location L,39.016,92.4059
636,Location M,-19.4331,-52.9673
637,Location N,-11.4701,148.676
638,Location O,-40.785,-158.8076
639,Location P,-80.6955,11.9935
640,Location Q,61.8119,50.9488
641,Location R,-39.269,41.9143
642,Location S,49.1393,105.3906
643,Location T,50.7426,0.3776
644,Location U,32.7794,43.22
645,Location V,59.4962,-77.8215
646,Location W,-81.9434,76.8356
647,Location X,23.5545,-131.779
648,Location Y,63.2375,-50.9539
649,Location Z,-30.8735,-81.2743
650,Location A,5.2413,-173.9075
651,Location B,22.6126,38.4216
652,Location C,-42.2706,4.0689
653,Location D,,-137.3536
654,Location E,22.7461,-48.6042
655,Location F,-22.1084,-155.6459
656,Location G,10.7213,153.1651
657,Location H,79.6738,87.7579
658,Location I,33.6173,150.5496
659,Location J,-36.2609,102.5345
660,Location K,-88.0027,100.4413
661,Location L,-57.6293,75.4458
662,Location M,-76.2475,-79.177
663,Location N,-0.661,-95.604
664,Location O,62.5979,-100.1066
665,Location P,63.2089,122.117
666,Location Q,67.6702,49.6379
667,Location R,-66.5401,-45.8634
668,Location S,-81.219,-75.2656
669,Location T,-89.8943,171.8012
670,Location U,-14.0651,-66.9388
671,Location V,65.9914,-132.4322
672,Location W,51.554,-129.5074
673,Location X,-45.4117,152.1806
674,Location Y,63.1573,
675,Location Z,23.3657,75.9197
676,Location A,4.2014,127.9342
677,Location B,30.0558,5.6867
678,Location C,13.7886,-81.2084
679,Location D,-42.5528,-24.9601
680,Location E,33.2476,-117.5893
681,Location F,-22.6273,171.0666
682,Location G,-54.4515,121.2946
683,Location H,89.8263,-176.4378
684,Location I,25.6949,144.6366
685,Location J,-88.6237,-166.6344
686,Location K,87.1134,59.8922
687,Location L,72.294,4.1974
688,Location M,-86.7224,-152.3798
689,Location N,1.7582,98.1858
690,Location O,44.5517,24.755
691,Location P,-21.8233,125.6547
692,Location Q,-13.3367,145.0739
693,Location R,,
694,Location S,55.5907,178.9278
695,Location T,72.6511,99.2647
696,Location U,71.0455,31.2685
697,Location V,69.2628,124.8922
698,Location W,-87.1258,-11.2018
699,Location X,-69.1404,69.2791
700,Location Y,-74.801,-39.2303
701,Location Z,45.4574,98.6326
702,Location A,-11.0259,-176.2919
703,Location B,-62.9222,115.1879
704,Location C,59.5559,-65.4888
705,Location D,28.0675,24.0064
706,Location E,53.678,-156.0537
707,Location F,-42.1016,137.1889
708,Location G,-57.4033,-15.8443
709,Location H,-64.3114,161.0536
710,Location I,48.3171,-78.4832
711,Location J,31.1056,166.3691
712,Location K,45.7133,66.1867
713,Location L,20.9245,145.3352
714,Location M,-74.9072,129.9735
715,Location N,27.0918,-177.314
716,Location O,-49.1391,163.2296
717,Location P,21.6476,170.8965
718,Location Q,-18.9693,-76.3241
719,Location R,-39.3225,-129.7258
720,Location S,-40.0807,146.4852
721,Location T,24.6089,-16.6011
722,Location U,-61.1489,-54.4174
723,Location V,72.4241,-173.7501
724,Location W,-83.5147,-48.8446
725,Location X,88.818,72.8687
726,Location Y,35.9838,175.0598
727,Location Z,60.6177,-36.7229
728,Location A,-35.3558,120.1622
729,Location B,83.2677,23.5418
730,Location C,3.9577,150.8081
731,Location D,34.0512,-30.6412
732,Location E,-5.7307,-94.5089
733,Location F,,85.7712
734,Location G,-30.6524,112.6586
735,Location H,-28.1061,-106.4051
736,Location I,14.1634,
737,Location J,-83.8995,-134.0655
738,Location K,59.2815,23.2754
739,Location L,43.5826,-107.801
740,Location M,38.1281,-69.4728
741,Location N,-70.242,-24.2945
742,Location O,37.7007,77.3859
743,Location P,12.5919,109.1858
744,Location Q,62.3795,42.5333
745,Location R,89.9834,49.4873
746,Location S,7.9731,128.5764
747,Location T,53.21,70.3973
748,Location U,75.9497,9.4313
749,Location V,-42.0198,82.5498
750,Location W,57.2895,39.7084
751,Location X,7.975,108.6076
752,Location Y,-41.6983,-138.0943
753,Location Z,-35.4013,-50.2849
754,Location A,44.2631,-177.0782
755,Location B,13.881,-22.504
756,Location C,73.8301,-5.2711
757,Location D,25.4317,90.8141
758,Location E,76.063,142.7763
759,Location F,39.2536,-33.0112
760,Location G,-50.7478,179.7142
761,Location H,75.7235,-28.1749
762,Location I,46.5252,-142.575
763,Location J,-67.2662,49.7165
764,Location K,82.2173,22.0478
765,Location L,-56.2338,72.9813
766,Location M,83.8268,-99.14
767,Location N,-75.0302,112.1982
768,Location O,64.6238,-143.2466
769,Location P,21.1082,-75.9901
770,Location Q,,-139.686
771,Location R,21.9487,-166.0505
772,Location S,35.3329,
773,Location T,42.2373,-103.8827
774,Location U,9.1285,-55.223
775,Location V,-13.2298,
776,Location W,36.6233,105.32
777,Location X,13.975,-168.5359
778,Location Y,39.0203,-70.8258
779,Location Z,-68.4372,107.8427
780,Location A,50.4199,-12.9397
781,Location B,82.1294,-88.4354
782,Location C,-58.9014,20.6164
783,Location D,0.884,90.3167
784,Location E,-42.0016,13.3722
785,Location F,-19.7908,36.2052
786,Location G,,-53.8149
787,Location H,-15.0295,-22.6775
788,Location I,-31.0451,-91.5232
789,Location J,75.2969,-101.8858
790,Location K,-45.5568,67.8366
791,Location L,32.6814,9.1582
792,Location M,-23.9404,125.1557
793,Location N,-85.3735,-37.4635
794,Location O,-7.5298,4.1328
795,Location P,22.6723,-13.5807
796,Location Q,59.2966,133.4108
797,Location R,43.0444,-107.6468
798,Location S,-38.2781,-63.2561
799,Location T,44.975,-100.837
800,Location U,60.0621,83.0309
801,Location V,-89.2772,8.3088
802,Location W,-68.2829,153.8697
803,Location X,-77.1645,103.8399
804,Location Y,-55.717,114.719
805,Location Z,41.5881,-70.4463
806,Location A,-72.4419,91.1406
807,Location B,89.3162,106.5661
808,Location C,-4.041,111.0865
809,Location D,-19.7241,-30.4655
810,Location E,25.6912,167.0649
811,Location F,-40.8176,4.3403
812,Location G,87.0526,-136.1327
813,Location H,85.4553,-84.23
814,Location I,-4.0507,110.0732
815,Location J,63.1239,-179.5421
816,Location K,21.0168,48.3677
817,Location L,-39.155,-21.2039
818,Location M,15.3657,112.3683
819,Location N,23.3128,-120.5412
820,Location O,-85.5361,-46.7814
821,Location P,-72.4692,18.1795
822,Location Q,-18.9559,40.9477
823,Location R,-31.4997,-54.7428
824,Location S,-41.4967,-127.5316
825,Location T,36.175,-73.561
826,Location U,,-171.0173
827,Location V,66.2376,73.7314
828,Location W,-25.5945,9.5683
829,Location X,-45.0507,-15.5779
830,Location Y,-70.0376,176.6269
831,Location Z,70.855,146.4353
832,Location A,51.2822,166.923
833,Location B,-60.0078,87.2102
834,Location C,34.1108,97.754
835,Location D,70.3415,-11.1428
836,Location E,,78.9278
837,Location F,-83.0519,-173.8494
838,Location G,15.9614,179.5509
839,Location H,-68.9054,94.3138
840,Location I,76.6135,-62.2096
841,Location J,82.4019,
842,Location K,80.5319,-62.2581
843,Location L,-86.0902,8.0425
844,Location M,-70.2566,100.8372
845,Location N,74.4525,85.5614
846,Location O,50.595,105.6378
847,Location P,-87.3603,48.3987
848,Location Q,47.6307,11.6707
849,Location R,-78.7205,
850,Location S,49.4179,-58.0665
851,Location T,68.8204,-152.3572
852,Location U,-51.5602,47.9618
853,Location V,62.7953,7.7699
854,Location W,86.306,-140.5015
855,Location X,48.3401,85.3896
856,Location Y,22.8697,-158.9628
857,Location Z,-34.1639,-78.0698
858,Location A,-33.6955,10.0898
859,Location B,18.8073,-149.1967
860,Location C,64.593,58.7985
861,Location D,-80.8062,-78.0911
862,Location E,70.8575,-73.0717
863,Location F,-66.6358,-130.858
864,Location G,-45.2868,108.8591
865,Location H,47.3798,156.9141
866,Location I,-8.6631,-25.3389
867,Location J,-36.5993,150.0322
868,Location K,-25.4823,18.0931
869,Location L,67.0567,-126.3042
870,Location M,45.2618,-143.0494
871,Location N,-30.4386,73.5817
872,Location O,18.9659,
873,Location P,2.3368,88.4007
874,Location Q,-33.9739,150.6879
875,Location R,68.1144,-51.2059
876,Location S,-6.3922,-61.1468
877,Location T,-9.8308,-54.638
878,Location U,,176.5373
879,Location V,-56.9089,-102.7918
880,Location W,1.1808,-55.1956
881,Location X,-42.403,36.2892
882,Location Y,2.1128,150.6992
883,Location Z,73.2029,-101.6707
884,Location A,74.4747,
885,Location B,26.9944,-72.5249
886,Location C,58.957,-174.2165
887,Location D,,-93.7
888,Location E,-23.3884,-56.4907
889,Location F,-0.2637,6.497
890,Location G,,66.1635
891,Location H,-89.5051,-79.3304
892,Location I,38.558,49.6418
893,Location J,75.3533,86.2898
894,Location K,-6.6205,-121.8733
895,Location L,-31.6601,157.3488
896,Location M,-41.8731,150.4389
897,Location N,,-77.5104
898,Location O,3.448,-7.3546
899,Location P,75.1438,-61.7444
900,Location Q,-54.8582,-82.7752
901,Location R,-70.5356,2.9833
902,Location S,32.2336,-64.2846
903,Location T,-26.7367,120.7618
904,Location U,88.2008,-106.6632
905,Location V,40.688,-128.6537
906,Location W,60.0619,22.6515
907,Location X,,13.9821
908,Location Y,-36.0556,104.1735
909,Location Z,37.6415,174.3113
910,Location A,,163.6843
911,Location B,-50.455,102.484
912,Location C,87.0945,150.9444
913,Location D,-21.073,136.5583
914,Location E,-72.0015,-23.6435
915,Location F,74.0793,
916,Location G,-70.9416,45.307
917,Location H,-74.7734,-23.4463
918,Location I,-23.4558,-72.0306
919,Location J,18.9044,-156.5616
920,Location K,70.5504,7.0294
921,Location L,66.7378,-70.1819
922,Location M,40.7188,-92.4316
923,Location N,-34.506,-131.7774
924,Location O,-70.4875,-178.7471
925,Location P,52.1464,-104.3105
926,Location Q,-33.4395,-46.5355
927,Location R,5.1631,
928,Location S,-59.6437,-149.1037
929,Location T,39.1088,
930,Location U,61.1637,-113.8486
931,Location V,13.1668,94.6997
932,Location W,-23.9632,-14.3524
933,Location X,-8.8418,30.1257
934,Location Y,-81.7357,113.0664
935,Location Z,-69.4147,26.7732
936,Location A,33.1777,-176.2656
937,Location B,35.3497,145.9211
938,Location C,-71.8574,13.4153
939,Location D,-47.9048,95.418
940,Location E,88.0211,-64.8985
941,Location F,-2.6006,118.1378
942,Location G,22.8225,35.4051
943,Location H,-80.8324,-17.9797
944,Location I,60.5674,161.8489
945,Location J,15.1409,27.1269
946,Location K,-2.0346,9.2662
947,Location L,-80.813,153.3978
948,Location M,23.4003,-124.3765
949,Location N,80.0741,-108.4184
950,Location O,-70.1669,96.0596
951,Location P,-1.1305,47.0188
952,Location Q,,144.066
953,Location R,,132.4699
954,Location S,-27.3418,155.7217
955,Location T,-8.9402,-45.5241
956,Location U,-7.4915,165.8332
957,Location V,50.0461,
958,Location W,74.9313,-10.3745
959,Location X,-20.2073,-130.0929
960,Location Y,-75.954,12.8769
961,Location Z,-23.6298,-42.1415
962,Location A,-72.3432,137.5324
963,Location B,73.4781,68.9045
964,Location C,-34.9128,
965,Location D,51.0322,26.3777
966,Location E,41.9912,
967,Location F,-54.557,36.059
968,Location G,28.2117,153.9528
969,Location H,6.8445,-115.6007
970,Location I,-52.3877,-8.6426
971,Location J,0.9756,51.096
972,Location K,51.2391,-140.6619
973,Location L,-44.4865,26.4768
974,Location M,-44.5399,-163.9226
975,Location N,50.5472,73.858
976,Location O,-44.8178,-122.4804
977,Location P,-45.4178,117.758
978,Location Q,23.445,-155.1026
979,Location R,-57.2178,50.2948
980,Location S,-0.3746,-20.0941
981,Location T,-28.2232,-124.2334
982,Location U,-56.8183,149.1667
983,Location V,-65.9113,-63.6695
984,Location W,11.2132,153.2075
985,Location X,0.4982,-176.9462
986,Location Y,-15.1681,126.0207
987,Location Z,85.2274,158.1857
988,Location A,-69.7194,176.894
989,Location B,,138.0759
990,Location C,5.4921,-105.8048
991,Location D,44.6223,0.0969
992,Location E,11.4669,-41.911
993,Location F,37.2455,164.3349
994,Location G,86.1465,-74.666
995,Location H,70.1229,77.6153
996,Location I,-60.8416,84.3324
997,Location J,27.6475,-32.2627
998,Location K,-87.554,-78.4301
999,Location L,-45.351,-115.9821
1000,Location M,-24.3169,-89.9599
1001,Location N,19.0086,-163.5421
1002,Location O,-88.8215,47.8626
1003,Location P,88.373,63.4403
1004,Location Q,-56.012,-36.358
1005,Location R,26.639,74.8488
1006,Location S,-80.9973,-138.4139
1007,Location T,81.194,55.4163
1008,Location U,36.743,6.4066
1009,Location V,19.4231,80.3847
1010,Location W,-53.9463,-17.8153
1011,Location X,-75.099,-167.8372
1012,Location Y,-50.115,112.1028
1013,Location Z,62.0579,45.5564
1014,Location A,65.0561,-73.522
1015,Location B,7.605,-42.902
1016,Location C,16.9772,3.1801
1017,Location D,44.5811,58.9604
1018,Location E,-4.8953,98.3989
1019,Location F,-71.4964,144.3971
1020,Location G,-79.7312,-85.2218
1021,Location H,-10.3023,33.6235
1022,Location I,,-4.7329
1023,Location J,51.5054,-100.6063
1024,Location K,1.8039,-74.7756
1025,Location L,-20.9778,-13.4968
1026,Location M,-8.4475,44.5292
1027,Location N,-1.7342,-135.3295
1028,Location O,-13.2782,-93.6982
1029,Location P,,174.9981
1030,Location Q,61.7719,-146.9727
1031,Location R,56.1679,-2.9996
1032,Location S,-54.3698,113.2744
1033,Location T,-70.4388,153.0705
1034,Location U,-33.6455,-101.5116
1035,Location V,7.6327,-165.0295
1036,Location W,,-153.5289
1037,Location X,16.5612,-152.8435
1038,Location Y,40.6347,165.5074
1039,Location Z,2.9485,48.9972
1040,Location A,47.5224,-129.4688
1041,Location B,-7.7085,-127.47
1042,Location C,-62.5805,120.6694
1043,Location D,89.0432,56.0245
1044,Location E,-63.4453,68.6481
1045,Location F,,
1046,Location G,-40.5901,-10.2967
1047,Location H,-42.7326,24.8141
1048,Location I,40.0612,-86.8928
1049,Location J,,-105.4475
1050,Location K,31.3316,18.0977
1051,Location L,-2.4283,36.5772
1052,Location M,-48.2504,-46.6031
1053,Location N,78.4798,-151.9219
1054,Location O,-69.9783,-28.9303
1055,Location P,24.8142,-122.2708
1056,Location Q,50.028,117.3828
1057,Location R,74.6473,-60.3972
1058,Location S,-5.8736,118.4297
1059,Location T,3.9775,-110.2154
1060,Location U,26.2996,-151.3889
1061,Location V,26.1538,66.3816
1062,Location W,47.436,-138.0286
1063,Location X,-42.642,-16.7797
1064,Location Y,,16.9248
1065,Location Z,-65.0169,120.4165
1066,Location A,9.7854,126.7452
1067,Location B,-23.8242,115.9261
1068,Location C,11.0879,-32.9049
1069,Location D,-14.3594,55.6246
1070,Location E,-46.4973,-150.0513
1071,Location F,21.8725,-59.5588
1072,Location G,-41.2154,-10.2933
1073,Location H,18.1686,169.0045
1074,Location I,-80.7843,43.1545
1075,Location J,-87.0918,-37.2852
1076,Location K,46.1681,87.2423
1077,Location L,27.8099,-21.2493
1078,Location M,84.8055,163.3479
1079,Location N,58.3796,
1080,Location O,67.1406,127.7322
1081,Location P,-22.8582,-156.0822
1082,Location Q,61.4119,-8.781
1083,Location R,75.1071,119.5067
1084,Location S,46.0599,-94.2288
1085,Location T,11.8273,16.2118
1086,Location U,52.1016,39.6301
1087,Location V,51.14,85.9507
1088,Location W,-67.2801,85.5873
1089,Location X,50.4504,10.432
1090,Location Y,70.2625,54.4821
1091,Location Z,-85.0902,-104.7029
1092,Location A,68.8385,-179.4546
1093,Location B,59.9919,128.6007
1094,Location C,1.498,24.603
1095,Location D,19.2621,-22.5769
1096,Location E,-44.3966,-26.5311
1097,Location F,-50.1047,
1098,Location G,-27.395,47.0522
1099,Location H,21.1595,-145.3987
1100,Location I,-66.5929,76.9844
1101,Location J,-66.1661,37.0447
1102,Location K,-86.6335,-11.2152
1103,Location L,77.3843,-51.4267
1104,Location M,44.0559,
1105,Location N,41.568,167.296
1106,Location O,-81.1913,-76.8355
1107,Location P,-46.8252,-103.9305
1108,Location Q,32.8971,84.4044
1109,Location R,-6.4038,-19.8481
1110,Location S,64.8989,-126.0057
1111,Location T,-28.4547,133.5753
1112,Location U,67.7946,84.6503
1113,Location V,4.9282,36.046
1114,Location W,65.2484,-157.1267
1115,Location X,77.8897,-134.9553
1116,Location Y,-38.2547,136.973
1117,Location Z,,116.0092
1118,Location A,-71.7072,98.8734
1119,Location B,37.4951,153.2631
1120,Location C,-50.9879,-76.3694
1121,Location D,-56.6379,-132.237
1122,Location E,11.3114,85.243
1123,Location F,26.8009,48.6473
1124,Location G,-83.2035,-96.6839
1125,Location H,-66.5721,6.139
1126,Location I,-21.6738,-151.0742
1127,Location J,-22.2715,142.7311
1128,Location K,61.5565,-30.0512
1129,Location L,39.0161,-173.461
1130,Location M,68.1452,60.8494
1131,Location N,-33.4866,85.9717
1132,Location O,0.2264,-89.3813
1133,Location P,69.7036,138.075
1134,Location Q,72.9182,-171.8703
1135,Location R,-54.9079,166.5422
1136,Location S,55.3619,-170.9671
1137,Location T,42.1879,94.0183
1138,Location U,84.4904,-81.3565
1139,Location V,17.4648,-139.4836
1140,Location W,-36.267,-123.775
1141,Location X,-12.2659,127.2018
1142,Location Y,-56.686,86.1169
1143,Location Z,-23.1544,-13.0477
1144,Location A,-39.8703,-42.6089
1145,Location B,10.0606,42.3578
1146,Location C,-20.734,-149.712
1147,Location D,-81.0546,15.4109
1148,Location E,7.2745,140.7642
1149,Location F,-6.5949,-155.0987
1150,Location G,44.3731,169.8267
1151,Location H,-23.09,24.3832
1152,Location I,-6.8536,33.9022
1153,Location J,-3.6404,154.4443
1154,Location K,-9.2933,1.0315
1155,Location L,89.2015,142.2717
1156,Location M,58.2443,-46.2113
1157,Location N,27.8438,120.1494
1158,Location O,66.0447,-95.9636
1159,Location P,87.2322,117.8586
1160,Location Q,-77.7438,-132.7874
1161,Location R,-80.9918,
1162,Location S,-39.5094,-106.3844
1163,Location T,-41.18,-108.957
1164,Location U,-54.5283,-176.2921
1165,Location V,-27.7667,-154.1029
1166,Location W,-65.3774,
1167,Location X,-73.7411,-153.8645
1168,Location Y,68.8548,76.7375
1169,Location Z,,75.8942
1170,Location A,3.6682,-144.5912
1171,Location B,13.0011,-170.7197
1172,Location C,-47.3521,-44.1204
1173,Location D,11.6523,-51.6047
1174,Location E,17.3458,-70.8242
1175,Location F,38.254,-8.0681
1176,Location G,-52.0646,-76.2054
1177,Location H,75.1858,55.2434
1178,Location I,-89.7439,-137.6381
1179,Location J,-16.0416,0.2055
1180,Location K,-43.6133,68.2863
1181,Location L,0.0654,177.3468
1182,Location M,-76.6178,-170.6075
1183,Location N,-39.4035,104.1783
1184,Location O,-78.2788,-150.798
1185,Location P,-89.0027,75.2717
1186,Location Q,85.9331,43.4954
1187,Location R,-45.1411,-132.7771
1188,Location S,77.9694,-28.8552
1189,Location T,47.4585,132.1812
1190,Location U,-54.0215,-82.7529
1191,Location V,19.2695,-19.3944
1192,Location W,69.9938,111.606
1193,Location X,-88.721,-22.9131
1194,Location Y,,-56.006
1195,Location Z,-46.103,-145.6435
1196,Location A,86.334,-172.5039
1197,Location B,14.9091,-162.626
1198,Location C,86.4571,-151.6022
1199,Location D,-14.2387,-0.0522
1200,Location E,-15.9313,33.1285
1201,Location F,37.4919,-64.6537
1202,Location G,-75.9849,92.7734
1203,Location H,-5.4856,-26.8065
1204,Location I,-43.2037,-91.5439
1205,Location J,,-2.4778
1206,Location K,56.4521,
1207,Location L,0.9934,-139.3908
1208,Location M,-42.2777,-133.4615
1209,Location N,,-41.5436
1210,Location O,4.0332,153.5558
1211,Location P,-25.0479,-179.6777
1212,Location Q,18.909,-121.8616
1213,Location R,-87.5221,-100.6519
1214,Location S,56.9497,86.1046
1215,Location T,-50.0266,-145.928
1216,Location U,-5.2495,-81.6641
1217,Location V,80.7141,23.8848
1218,Location W,16.9116,42.5902
1219,Location X,43.217,
1220,Location Y,65.0421,-34.1781
1221,Location Z,73.8353,140.344
1222,Location A,-82.2838,-147.2274
1223,Location B,84.334,30.7747
1224,Location C,-35.7347,-38.4391
1225,Location D,-6.0518,-67.2356
1226,Location E,-2.5669,
1227,Location F,10.0445,-11.5724
1228,Location G,-21.8779,-134.0241
1229,Location H,5.1468,-147.395
1230,Location I,-59.4839,164.0863
1231,Location J,39.4193,128.8565
1232,Location K,50.8001,-165.8557
1233,Location L,51.848,-94.2684
1234,Location M,49.9178,174.0618
1235,Location N,36.3897,-69.3734
1236,Location O,81.6643,82.5693
1237,Location P,-37.1806,-92.6035
1238,Location Q,3.3401,-88.8942
1239,Location R,-47.5685,-79.6084
1240,Location S,75.0246,85.4366
1241,Location T,53.5529,-161.048
1242,Location U,-86.1225,-50.7745
1243,Location V,7.654,-38.9108
1244,Location W,61.9031,-90.8922
1245,Location X,-69.842,170.5041
1246,Location Y,55.395,94.5668
1247,Location Z,-86.9695,32.4343
1248,Location A,23.1934,175.2313
1249,Location B,-25.0441,-52.8895
1250,Location C,49.7916,-54.1823
1251,Location D,30.5357,18.8135
1252,Location E,22.106,-14.5607
1253,Location F,-71.4,142.1892
1254,Location G,82.1222,131.0242
1255,Location H,-55.39,-154.8419
1256,Location I,81.8323,-147.3087
1257,Location J,44.4248,-173.9981
1258,Location K,-7.7057,56.2487
1259,Location L,-48.1015,-126.2241
1260,Location M,-87.6033,
1261,Location N,-60.0049,-161.0595
1262,Location O,-58.6122,-60.6761
1263,Location P,-28.11,38.9315
1264,Location Q,36.3429,177.1009
1265,Location R,,122.1354
1266,Location S,-18.0754,136.8001
1267,Location T,9.8424,0.9849
1268,Location U,8.0761,83.6956
1269,Location V,7.785,-33.3016
1270,Location W,-38.8982,-154.8001
1271,Location X,85.6113,-28.1961
1272,Location Y,14.2731,44.1649
1273,Location Z,15.7254,124.6932
1274,Location A,13.3173,91.0086
1275,Location B,-73.8426,-158.9621
1276,Location C,-70.6628,67.5204
1277,Location D,58.7892,-15.0466
1278,Location E,23.32,60.3844
1279,Location F,68.314,62.9698
1280,Location G,42.8316,-91.184
1281,Location H,73.3367,-46.2507
1282,Location I,-87.7504,-58.3419
1283,Location J,-62.9764,-173.2046
1284,Location K,22.0182,91.611
1285,Location L,-68.0195,173.3487
1286,Location M,27.221,-93.5866
1287,Location N,-44.6861,29.419
1288,Location O,61.9298,-85.2031
1289,Location P,-55.1678,-135.9445
1290,Location Q,64.6207,117.6547
1291,Location R,-9.0097,24.2596
1292,Location S,31.1622,77.8921
1293,Location T,44.0807,-19.8681
1294,Location U,35.4688,22.4592
1295,Location V,3.951,-137.5208
1296,Location W,67.5366,67.1259
1297,Location X,-10.3654,119.022
1298,Location Y,74.4333,120.4324
1299,Location Z,,52.199
1300,Location A,-0.8415,-38.3269
1301,Location B,-38.4906,-21.1075
1302,Location C,,167.0005
1303,Location D,-2.6328,-14.6844
1304,Location E,-77.916,14.0647
1305,Location F,84.0697,111.4107
1306,Location G,-25.5881,-79.172
1307,Location H,,131.3927
1308,Location I,-50.7306,58.3567
1309,Location J,49.2271,-127.0325
1310,Location K,-5.9962,-25.421
1311,Location L,25.8628,-118.9121
1312,Location M,-60.0342,-71.2185
1313,Location N,-21.1685,11.7882
1314,Location O,49.8187,167.9849
1315,Location P,-50.9734,78.8726
1316,Location Q,27.8411,86.8931
1317,Location R,89.7054,167.5273
1318,Location S,11.5649,61.1699
1319,Location T,20.8801,-139.0411
1320,Location U,13.3457,32.5949
1321,Location V,-46.575,-143.4571
1322,Location W,-30.6896,-69.6698
1323,Location X,-0.2984,
1324,Location Y,-7.1642,114.2843
1325,Location Z,51.8047,60.6033
1326,Location A,32.3648,-94.7418
1327,Location B,,164.2439
1328,Location C,81.5262,-103.5413
1329,Location D,85.7322,-143.648
1330,Location E,-72.9796,87.3962
1331,Location F,-47.1474,-16.8319
1332,Location G,80.8359,-4.0219
1333,Location H,43.596,-173.4486
1334,Location I,45.534,
1335,Location J,7.1113,53.219
1336,Location K,-5.645,-27.5324
1337,Location L,85.5812,
1338,Location M,45.8534,-178.3513
1339,Location N,-31.8291,118.0865
1340,Location O,-87.5429,-158.6715
1341,Location P,39.9338,44.9525
1342,Location Q,-88.1697,-137.7066
1343,Location R,18.3295,-175.2779
1344,Location S,82.1582,-21.8181
1345,Location T,77.8966,-11.7043
1346,Location U,-20.1794,-149.6191
1347,Location V,-63.724,-128.3537
1348,Location W,80.566,126.2466
1349,Location X,-67.505,116.1864
1350,Location Y,9.3785,-21.0329
1351,Location Z,-60.5154,68.9967
1352,Location A,37.5154,-169.1215
1353,Location B,51.7744,-9.3262
1354,Location C,83.4609,-80.6989
1355,Location D,-81.3413,35.4842
1356,Location E,-41.1379,-80.6899
1357,Location F,76.6733,41.0289
1358,Location G,27.4151,12.8202
1359,Location H,82.6301,-135.1824
1360,Location I,63.2378,-13.3571
1361,Location J,61.4553,-155.6402
1362,Location K,-64.6141,-104.47
1363,Location L,28.1525,88.2212
1364,Location M,49.6134,-130.7575
1365,Location N,71.4092,8.4596
1366,Location O,35.4331,-108.3765
1367,Location P,-24.5977,16.582
1368,Location Q,-38.8598,-72.7019
1369,Location R,-75.6762,-75.0491
1370,Location S,70.4108,110.1588
1371,Location T,-83.4767,-127.9054
1372,Location U,44.2381,159.8727
1373,Location V,14.8255,-22.884
1374,Location W,14.8531,50.8365
1375,Location X,-22.0022,61.8654
1376,Location Y,20.2982,49.15
1377,Location Z,1.8661,-140.7889
1378,Location A,-33.0544,-6.6108
1379,Location B,-88.8187,-173.2464
1380,Location C,-30.4161,10.6462
1381,Location D,60.3765,174.4681
1382,Location E,-22.2643,-104.5121
1383,Location F,-6.3052,89.9893
1384,Location G,74.3182,145.8961
1385,Location H,-15.245,96.7473
1386,Location I,-47.4209,66.8269
1387,Location J,22.0323,11.3158
1388,Location K,-13.5243,113.1512
1389,Location L,-36.1766,-32.2081
1390,Location M,-80.5426,-130.7884
1391,Location N,-52.258,-115.6275
1392,Location O,-12.4112,166.8513
1393,Location P,53.4898,-160.6238
1394,Location Q,8.3672,-2.2838
1395,Location R,,-130.5287
1396,Location S,70.0408,-26.9355
1397,Location T,75.4235,109.2011
1398,Location U,-76.815,-148.5108
1399,Location V,-41.1456,-160.4924
1400,Location W,49.6107,89.1797
1401,Location X,-85.1229,141.1725
1402,Location Y,15.8153,-106.5565
1403,Location Z,59.7289,14.355
1404,Location A,68.6128,97.9527
1405,Location B,30.294,5.3065
1406,Location C,51.3861,-20.9037
1407,Location D,41.0978,-80.9265
1408,Location E,-85.1741,165.3431
1409,Location F,19.4575,-9.4476
1410,Location G,-0.4052,
1411,Location H,83.8255,-54.924
1412,Location I,63.3997,-168.7308
1413,Location J,22.8759,-88.656
1414,Location K,57.2206,-167.143
1415,Location L,6.9783,139.5369
1416,Location M,51.1471,-27.1894
1417,Location N,-33.7369,
1418,Location O,7.5049,172.2744
1419,Location P,,
1420,Location Q,21.3523,160.8188
1421,Location R,6.9877,-71.4151
1422,Location S,17.7154,175.0144
1423,Location T,63.6736,155.0392
1424,Location U,59.9777,54.9771
1425,Location V,34.238,-1.504
1426,Location W,-4.0719,111.8753
1427,Location X,-37.3917,-61.9573
1428,Location Y,73.9178,153.0305
1429,Location Z,40.3147,
1430,Location A,,-15.3035
1431,Location B,38.5543,133.0744
1432,Location C,-85.6553,-108.7615
1433,Location D,74.4665,44.8792
1434,Location E,3.9555,
1435,Location F,-35.81,74.1949
1436,Location G,11.4334,
1437,Location H,2.5724,9.5247
1438,Location I,-69.706,-60.3656
1439,Location J,66.7421,-160.6656
1440,Location K,56.3637,-58.7898
1441,Location L,32.3255,127.7031
1442,Location M,-80.3331,123.858
1443,Location N,-45.2722,-99.1542
1444,Location O,-18.5861,-49.5144
1445,Location P,-36.0864,152.1764
1446,Location Q,1.6593,-162.8068
1447,Location R,43.4768,176.222
1448,Location S,45.4625,167.8143
1449,Location T,31.2668,38.4128
1450,Location U,53.7005,15.7642
1451,Location V,-87.3056,60.6768
1452,Location W,-21.0839,-146.9383
1453,Location X,86.2487,37.7828
1454,Location Y,-61.9708,-105.869
1455,Location Z,-9.5516,71.7439
1456,Location A,-20.9352,45.4393
1457,Location B,26.9791,8.7403
1458,Location C,-26.344,114.7127
1459,Location D,79.5964,144.4832
1460,Location E,-37.5122,114.1082
1461,Location F,-61.2856,176.8471
1462,Location G,-6.1726,77.5305
1463,Location H,88.8745,-173.8324
1464,Location I,1.8499,-123.8577
1465,Location J,-32.3855,154.9274
1466,Location K,-33.1804,-124.5561
1467,Location L,-48.515,-158.9169
1468,Location M,70.6348,-171.2351
1469,Location N,-48.689,-88.1842
1470,Location O,,-2.9294
1471,Location P,49.3361,35.0612
1472,Location Q,87.6443,-144.7968
1473,Location R,-14.9157,-179.3697
1474,Location S,-75.7125,-172.5767
1475,Location T,55.7578,37.8923
1476,Location U,-48.216,-129.1715
1477,Location V,,101.8245
1478,Location W,16.9201,103.5319
1479,Location X,73.9012,-45.8739
1480,Location Y,,-0.0371
1481,Location Z,-1.7414,-29.3486
1482,Location A,-74.7024,-0.7363
1483,Location B,17.6169,-170.9846
1484,Location C,49.9936,126.9052
1485,Location D,-71.4819,-102.1852
1486,Location E,-21.7759,122.0751
1487,Location F,-52.7274,-173.6539
1488,Location G,71.1894,-171.1787
1489,Location H,81.1233,150.6125
1490,Location I,79.6846,51.4165
1491,Location J,77.4187,-95.1096
1492,Location K,81.0951,168.7642
1493,Location L,-8.636,135.3128
1494,Location M,28.8121,11.676
1495,Location N,-7.0361,112.6472
1496,Location O,-76.8864,-73.5791
1497,Location P,7.2956,-28.406
1498,Location Q,62.6355,-128.5049
1499,Location R,27.6889,-159.8856
1500,Location S,-52.4342,79.7884
1501,Location T,-37.3202,69.2645
1502,Location U,58.7082,-62.7373
1503,Location V,-49.3299,-11.223
1504,Location W,32.6976,-91.7452
1505,Location X,-73.0896,177.9576
1506,Location Y,-44.7379,-6.0535
1507,Location Z,-25.3566,-106.8998
1508,Location A,-3.56,-8.2423
1509,Location B,68.6548,-112.3646
1510,Location C,-63.7312,-6.4298
1511,Location D,-63.0178,1.5532
1512,Location E,,-173.0699
1513,Location F,37.7508,-114.8706
1514,Location G,,-33.8681
1515,Location H,-2.4064,-94.0789
1516,Location I,75.0696,84.827
1517,Location J,-6.8825,-46.4144
1518,Location K,49.2844,-112.8772
1519,Location L,68.6039,173.2518
1520,Location M,20.4324,-47.9766
1521,Location N,3.4075,85.8757
1522,Location O,-9.0634,-132.9375
1523,Location P,-73.5655,-46.105
1524,Location Q,24.0231,-118.8314
1525,Location R,10.5033,
1526,Location S,-42.471,66.366
1527,Location T,86.7804,133.5572
1528,Location U,-43.5142,162.5503
1529,Location V,18.6178,145.8043
1530,Location W,-6.3528,-104.4165
1531,Location X,35.0877,-151.6122
1532,Location Y,12.0815,86.1192
1533,Location Z,23.5747,40.5886
1534,Location A,,138.6917
1535,Location B,-74.6385,70.4014
1536,Location C,-78.9714,164.2834
1537,Location D,-43.6706,-143.1399
1538,Location E,62.2265,-114.277
1539,Location F,11.9371,28.226
1540,Location G,,22.1337
1541,Location H,77.0939,54.4149
1542,Location I,16.1041,130.0864
1543,Location J,78.3264,159.8405
1544,Location K,26.9614,-26.1158
1545,Location L,-33.0789,
1546,Location M,-42.5222,163.6504
1547,Location N,-66.8837,-58.4902
1548,Location O,7.1125,62.8351
1549,Location P,-69.0685,-22.966
1550,Location Q,8.2672,-77.1575
1551,Location R,-71.9385,-111.3145
1552,Location S,6.501,84.705
1553,Location T,,-114.1718
1554,Location U,21.9935,101.1468
1555,Location V,60.4165,-146.5556
1556,Location W,34.9628,-134.4105
1557,Location X,81.4714,169.2498
1558,Location Y,-84.5655,33.1064
1559,Location Z,-29.4372,-153.5773
1560,Location A,-85.5634,-88.4003
1561,Location B,-28.6993,-16.5863
1562,Location C,-62.3712,-118.8159
1563,Location D,-42.6932,12.2333
1564,Location E,-66.9631,-149.281
1565,Location F,43.6291,137.6308
1566,Location G,15.2728,167.8903
1567,Location H,-28.2564,-141.5463
1568,Location I,56.7072,-109.3586
1569,Location J,-5.6839,39.8
1570,Location K,-35.3976,58.4852
1571,Location L,85.3986,-3.2878
1572,Location M,-18.0913,139.5934
1573,Location N,-62.4342,
1574,Location O,36.1611,158.5182
1575,Location P,33.9905,-124.7671
1576,Location Q,60.7641,-63.8548
1577,Location R,-17.9458,-77.2847
1578,Location S,-85.3515,45.0442
1579,Location T,58.9807,-38.9349
1580,Location U,67.6271,-128.9982
1581,Location V,78.4121,-101.12
1582,Location W,-87.0759,84.0008
1583,Location X,,7.4537
1584,Location Y,-18.5319,-115.0478
1585,Location Z,-69.9888,150.8398
1586,Location A,-37.9541,24.7663
1587,Location B,17.7488,-168.2813
1588,Location C,-57.3271,-77.5313
1589,Location D,55.5835,161.1246
1590,Location E,45.2112,77.3897
1591,Location F,10.1652,165.2083
1592,Location G,5.2287,-29.5217
1593,Location H,-3.4785,
1594,Location I,-32.6549,
1595,Location J,-4.1729,88.3457
1596,Location K,-12.2008,95.3727
1597,Location L,78.0525,-161.4471
1598,Location M,9.7098,-119.797
1599,Location N,85.5485,141.274
1600,Location O,-56.6182,-169.8864
1601,Location P,64.1375,13.4868
1602,Location Q,6.2597,-174.382
1603,Location R,61.054,-71.4091
1604,Location S,-33.3207,93.5314
1605,Location T,37.7733,80.5067
1606,Location U,-35.2958,43.9555
1607,Location V,74.8041,-134.618
1608,Location W,,-25.5509
1609,Location X,43.296,-130.9468
1610,Location Y,72.6337,81.459
1611,Location Z,-67.1545,-125.4387
1612,Location A,-31.5677,116.5424
1613,Location B,-86.9903,155.6543
1614,Location C,32.951,-177.4286
1615,Location D,-80.4225,
1616,Location E,-79.6331,-163.9826
1617,Location F,76.9689,-121.9627
1618,Location G,40.0997,4.3838
1619,Location H,-58.5968,176.5612
1620,Location I,-7.0265,75.2813
1621,Location J,-54.408,-156.8582
1622,Location K,88.5131,-95.8094
1623,Location L,-7.6517,14.8935
1624,Location M,-88.8818,-113.5247
1625,Location N,-70.2476,-109.6263
1626,Location O,-33.3666,-5.7371
1627,Location P,84.7998,29.801
1628,Location Q,-10.0714,
1629,Location R,56.513,89.5621
1630,Location S,75.8448,
1631,Location T,82.3472,144.1768
1632,Location U,27.1519,69.9787
1633,Location V,25.4431,-128.2047
1634,Location W,68.0516,-166.3102
1635,Location X,47.5072,-20.8233
1636,Location Y,,18.3636
1637,Location Z,-66.2156,123.3558
1638,Location A,,-171.9913
1639,Location B,35.601,-135.7904
1640,Location C,-28.592,137.9032
1641,Location D,64.797,-157.0467
1642,Location E,-37.7501,44.7774
1643,Location F,59.1537,36.9574
1644,Location G,30.8232,165.5435
1645,Location H,46.1927,105.9848
1646,Location I,33.4991,96.1022
1647,Location J,-26.4202,
1648,Location K,23.0328,-141.4202
1649,Location L,57.3822,-63.8449
1650,Location M,-84.5037,-113.448
1651,Location N,17.9688,-170.5618
1652,Location O,82.8368,170.8058
1653,Location P,-76.8813,0.7857
1654,Location Q,-18.4528,161.3913
1655,Location R,-88.3497,155.051
1656,Location S,-38.9322,-35.1315
1657,Location T,-68.0928,-135.1303
1658,Location U,-86.1106,-10.5868
1659,Location V,32.9461,106.0563
1660,Location W,17.648,-115.4884
1661,Location X,44.3584,50.9856
1662,Location Y,0.2124,-57.0865
1663,Location Z,-40.548,-136.1285
1664,Location A,72.6626,118.8403
1665,Location B,66.1694,48.8554
1666,Location C,4.8903,87.6684
1667,Location D,62.6929,143.1022
1668,Location E,-53.6819,-116.9597
1669,Location F,-6.6087,-179.5678
1670,Location G,-15.8332,-46.8602
1671,Location H,-11.0345,-104.6047
1672,Location I,-32.453,148.3374
1673,Location J,-26.0119,124.3933
1674,Location K,-37.1926,-43.518
1675,Location L,13.37,100.7701
1676,Location M,89.6152,-96.9528
1677,Location N,-11.2424,-132.0518
1678,Location O,-17.3076,-121.3953
1679,Location P,-46.6367,45.7958
1680,Location Q,87.6942,94.0837
1681,Location R,87.8941,-68.3528
1682,Location S,41.834,142.9882
1683,Location T,-0.5197,169.822
1684,Location U,-13.3264,48.4019
1685,Location V,-30.9968,94.9171
1686,Location W,-12.7348,38.6164
1687,Location X,-79.6355,148.588
1688,Location Y,-62.1068,44.1736
1689,Location Z,33.6756,-158.4567
1690,Location A,88.8954,-177.7249
1691,Location B,55.8513,53.0873
1692,Location C,70.9117,-155.7135
1693,Location D,-83.9931,90.688
1694,Location E,,133.8493
1695,Location F,72.7251,-140.1396
1696,Location G,-89.0549,-157.6508
1697,Location H,-15.6292,-152.7661
1698,Location I,-61.0732,-69.9354
1699,Location J,,79.6706
1700,Location K,,-127.9743
1701,Location L,56.4087,136.9556
1702,Location M,65.6046,
1703,Location N,2.3764,-141.4705
1704,Location O,37.2001,-19.7867
1705,Location P,73.1616,-159.3942
1706,Location Q,68.3538,2.9572
1707,Location R,-74.5663,58.0161
1708,Location S,51.9272,-27.9528
1709,Location T,-86.5241,154.1855
1710,Location U,63.6521,74.1687
1711,Location V,52.1801,21.4272
1712,Location W,-87.9206,12.5676
1713,Location X,70.9914,99.6665
1714,Location Y,36.7905,57.2596
1715,Location Z,-80.8962,-165.358
1716,Location A,-44.989,-126.8106
1717,Location B,-4.123,-46.017
1718,Location C,73.9308,74.1179
1719,Location D,17.802,-104.8375
1720,Location E,,-146.9774
1721,Location F,68.9669,99.5805
1722,Location G,-31.4141,-165.372
1723,Location H,-15.7609,-60.51
1724,Location I,33.9406,-75.1731
1725,Location J,80.3379,62.1498
1726,Location K,-71.1849,83.2133
1727,Location L,-38.4177,130.2986
1728,Location M,54.8519,26.1299
1729,Location N,-71.6915,-142.8716
1730,Location O,56.5694,1.7113
1731,Location P,24.9814,-12.498
1732,Location Q,-74.149,112.0933
1733,Location R,26.1277,-174.0364
1734,Location S,85.4417,
1735,Location T,-82.5109,-72.8407
1736,Location U,69.8965,
1737,Location V,-79.0387,35.2171
1738,Location W,42.3009,-143.7186
1739,Location X,-16.627,-69.3102
1740,Location Y,30.0407,175.6874
1741,Location Z,-40.8145,-127.7285
1742,Location A,18.3012,89.9242
1743,Location B,16.6395,-80.3214
1744,Location C,-78.1276,-102.3242
1745,Location D,31.6176,89.7154
1746,Location E,12.5315,-61.6624
1747,Location F,-29.4566,-51.15
1748,Location G,82.8697,131.0451
1749,Location H,54.6261,-176.9597
1750,Location I,-32.3106,113.9628
1751,Location J,-63.038,
1752,Location K,-32.9551,151.9562
1753,Location L,84.7182,168.9378
1754,Location M,-56.8141,0.6111
1755,Location N,24.376,55.2039
1756,Location O,-55.9416,
1757,Location P,11.6071,134.0097
1758,Location Q,-50.125,95.59
1759,Location R,-10.4599,-68.1794
1760,Location S,64.4345,128.1051
1761,Location T,40.6571,7.633
1762,Location U,-21.3038,-141.3181
1763,Location V,-63.0022,7.6898
1764,Location W,-81.3964,-165.0987
1765,Location X,14.6021,157.3593
1766,Location Y,7.9207,121.243
1767,Location Z,37.8232,-166.9113
1768,Location A,-88.4906,-29.5392
1769,Location B,85.4483,145.1798
1770,Location C,78.0234,131.2617
1771,Location D,-29.2294,154.5463
1772,Location E,67.667,14.9367
1773,Location F,-24.9592,89.8134
1774,Location G,-25.6963,50.3868
1775,Location H,76.5273,53.1334
1776,Location I,22.9037,-107.1545
1777,Location J,-47.9052,-85.363
1778,Location K,87.9274,-18.8832
1779,Location L,-85.3009,-154.1313
1780,Location M,64.7615,-95.1645
1781,Location N,-89.8052,61.6634
1782,Location O,-76.9004,-95.17
1783,Location P,-31.3849,-156.7238
1784,Location Q,-7.7734,-18.0024
1785,Location R,-68.2143,-74.1469
1786,Location S,10.7233,44.3526
1787,Location T,,-74.255
1788,Location U,-28.1703,-81.9885
1789,Location V,26.3057,48.6537
1790,Location W,-88.956,-162.4083
1791,Location X,34.3505,54.376
1792,Location Y,-56.15,-164.975
1793,Location Z,-84.6035,99.4711
1794,Location A,68.4694,-86.4998
1795,Location B,-46.8652,-10.0404
1796,Location C,31.2001,-37.9676
1797,Location D,-64.4119,143.9087
1798,Location E,52.0564,-64.7722
1799,Location F,75.796,-36.9684
1800,Location G,-7.1737,
1801,Location H,-38.3707,-104.8009
1802,Location I,48.5006,
1803,Location J,-67.9318,138.702
1804,Location K,-80.129,141.1794
1805,Location L,16.283,141.8332
1806,Location M,-59.0323,-122.0932
1807,Location N,31.0849,116.1768
1808,Location O,-84.7507,3.5318
1809,Location P,49.5347,-89.7901
1810,Location Q,-74.1154,-149.4266
1811,Location R,23.5111,-92.6074
1812,Location S,85.4009,-114.5305
1813,Location T,-52.9116,-118.961
1814,Location U,13.4681,-6.3115
1815,Location V,-27.0481,-126.0992
1816,Location W,-3.3003,-50.6414
1817,Location X,-50.1604,114.716
1818,Location Y,40.2386,-134.8607
1819,Location Z,,148.5684
1820,Location A,-23.0584,24.3266
1821,Location B,-86.3557,16.8394
1822,Location C,-23.0416,49.8664
1823,Location D,-49.9722,130.8648
1824,Location E,-58.4938,29.7041
1825,Location F,-49.0927,100.9179
1826,Location G,-27.6043,-48.3002
1827,Location H,26.6042,79.9415
1828,Location I,7.4017,-131.6851
1829,Location J,64.9337,
1830,Location K,78.19,-142.3057
1831,Location L,69.6155,124.0878
1832,Location M,8.6467,62.7319
1833,Location N,-83.6629,125.3786
1834,Location O,44.366,122.0674
1835,Location P,-68.2028,34.2208
1836,Location Q,0.0667,121.0836
1837,Location R,-31.1511,
1838,Location S,54.344,97.6891
1839,Location T,-81.6371,139.5438
1840,Location U,-79.5107,27.6874
1841,Location V,-56.2496,-122.8328
1842,Location W,74.8353,95.6801
1843,Location X,,24.7883
1844,Location Y,53.0601,-23.0737
1845,Location Z,-13.6297,21.6079
1846,Location A,-70.1068,-159.2943
1847,Location B,-60.0949,-132.6733
1848,Location C,-6.9691,173.1408
1849,Location D,,-155.2259
1850,Location E,-51.5943,-155.1865
1851,Location F,-35.8525,-83.3816
1852,Location G,-16.6511,-19.4442
1853,Location H,-60.7827,146.7128
1854,Location I,12.0177,-74.6252
1855,Location J,-54.2061,35.6434
1856,Location K,79.0874,-130.3536
1857,Location L,-19.9174,68.2642
1858,Location M,-0.2075,-71.0468
1859,Location N,,-97.7163
1860,Location O,-29.2437,14.4672
1861,Location P,21.883,48.6946
1862,Location Q,36.2286,87.1412
1863,Location R,-7.6436,47.7108
1864,Location S,-73.2352,-96.0386
1865,Location T,-75.9127,-167.2798
1866,Location U,64.15,-42.3947
1867,Location V,-27.6517,158.2777
1868,Location W,41.3032,79.738
1869,Location X,-28.5964,138.0992
1870,Location Y,34.6992,-118.6736
1871,Location Z,-9.7333,-171.6752
1872,Location A,-63.4479,-50.7984
1873,Location B,12.592,-146.3325
1874,Location C,-27.8085,71.1944
1875,Location D,-23.4436,-17.642
1876,Location E,6.235,-8.06
1877,Location F,17.0455,-141.704
1878,Location G,14.3851,31.4944
1879,Location H,17.5724,-83.8184
1880,Location I,42.5518,-120.0388
1881,Location J,18.745,-160.0521
1882,Location K,-16.7233,159.7392
1883,Location L,55.808,-77.6039
1884,Location M,-89.2451,5.8069
1885,Location N,67.4458,97.8502
1886,Location O,,178.1245
1887,Location P,-32.4887,-128.4297
1888,Location Q,-59.1932,75.308
1889,Location R,-81.7868,-89.5592
1890,Location S,-21.3562,-132.9645
1891,Location T,75.2925,48.5964
1892,Location U,-44.6737,-41.9635
1893,Location V,-27.0528,-158.2043
1894,Location W,88.0896,123.1785
1895,Location X,-51.6368,179.6548
1896,Location Y,36.9366,-100.4329
1897,Location Z,88.0362,-107.9317
1898,Location A,-82.1877,117.3945
1899,Location B,31.7776,-43.593
1900,Location C,-59.721,170.7248
1901,Location D,,
1902,Location E,-12.6807,18.7965
1903,Location F,-29.7922,43.2978
1904,Location G,-10.2722,105.6768
1905,Location H,23.9081,160.6815
1906,Location I,-70.6882,-7.3243
1907,Location J,2.5998,-11.4111
1908,Location K,3.2131,-112.6267
1909,Location L,54.3029,-54.9112
1910,Location M,51.1543,-122.2597
1911,Location N,-61.7579,-43.2965
1912,Location O,79.1432,-10.9664
1913,Location P,-73.4142,-172.67
1914,Location Q,-33.6815,35.7392
1915,Location R,-18.5522,92.548
1916,Location S,30.7371,86.4885
1917,Location T,51.7504,-12.9003
1918,Location U,83.6036,80.6266
1919,Location V,-86.2195,-114.9039
1920,Location W,35.4937,128.9605
1921,Location X,48.9999,-85.3361
1922,Location Y,84.7469,-116.1267
1923,Location Z,36.2545,85.6679
1924,Location A,-44.9056,1.8263
1925,Location B,-32.1274,-118.6315
1926,Location C,49.8236,-138.639
1927,Location D,69.8275,-127.4415
1928,Location E,,150.8177
1929,Location F,-11.2563,-36.2212
1930,Location G,-73.9474,-134.392
1931,Location H,12.2791,-113.6333
1932,Location I,68.7835,
1933,Location J,53.1096,-52.8307
1934,Location K,-85.5795,-21.3116
1935,Location L,14.7235,164.5745
1936,Location M,-78.3808,
1937,Location N,72.7376,-60.4325
1938,Location O,45.2386,
1939,Location P,51.5933,-79.2525
1940,Location Q,7.3059,134.794
1941,Location R,-18.4202,
1942,Location S,71.1577,-90.2671
1943,Location T,-53.7863,-0.7062
1944,Location U,18.5876,78.5022
1945,Location V,10.1251,31.3436
1946,Location W,-25.787,90.9396
1947,Location X,,
1948,Location Y,4.2746,94.475
1949,Location Z,-15.3696,-63.4729
1950,Location A,-17.8833,153.216
1951,Location B,-64.3862,78.3619
1952,Location C,78.5025,41.7263
1953,Location D,-66.9479,90.6714
1954,Location E,11.5665,127.6109
1955,Location F,-28.2401,
1956,Location G,30.8673,5.6958
1957,Location H,48.6905,45.5568
1958,Location I,-43.9185,41.6596
1959,Location J,-70.6393,-158.763
1960,Location K,75.0982,-85.9223
1961,Location L,-29.5833,62.6293
1962,Location M,-76.1193,-131.2931
1963,Location N,47.2562,70.4416
1964,Location O,38.6471,-8.8969
1965,Location P,-45.4238,-158.0142
1966,Location Q,-4.5369,-16.4578
1967,Location R,,-89.3797
1968,Location S,83.6223,167.7641
1969,Location T,58.8163,-54.4907
1970,Location U,30.1636,145.747
1971,Location V,66.387,-35.9989
1972,Location W,-60.4225,63.232
1973,Location X,-0.4314,-81.8988
1974,Location Y,35.0138,-29.2247
1975,Location Z,-53.5272,-75.9034
1976,Location A,27.9546,21.6986
1977,Location B,13.5681,15.4942
1978,Location C,21.0807,-155.8623
1979,Location D,-78.6848,141.3201
1980,Location E,-16.8535,-98.53
1981,Location F,-45.1429,-162.0184
1982,Location G,83.6807,33.2234
1983,Location H,-4.8214,151.2838
1984,Location I,22.5858,9.6364
1985,Location J,19.5709,-132.7316
1986,Location K,41.7264,-8.3716
1987,Location L,54.3067,-98.4564
1988,Location M,-60.0584,-56.1657
1989,Location N,12.662,150.8658
1990,Location O,-83.6476,-103.7816
1991,Location P,-16.5538,32.422
1992,Location Q,0.8094,19.0289
1993,Location R,-78.8808,-111.3668
1994,Location S,68.1479,165.9946
1995,Location T,2.7137,169.2063
1996,Location U,-0.6162,-152.1163
1997,Location V,-0.2237,-168.9076
1998,Location W,-54.3555,151.6427
1999,Location X,68.7916,-54.6781
2000,Location Y,-12.1416,144.9912
